method,round,test_acc,test_loss,train_loss
scout_greedy,0,0.351,1.9595,1.80798
scout_greedy,1,0.369,2.00778,1.55293
scout_greedy,2,0.424,1.51833,1.23083
random,0,0.319,2.14551,1.82661
random,1,0.454,1.60047,1.77904
random,2,0.473,1.52457,1.42171
loss,0,0.297,2.5585,2.04831
loss,1,0.413,1.89397,2.3501
loss,2,0.362,1.8623,1.82061
snr_only,0,0.345,2.22809,1.77305
snr_only,1,0.517,1.67727,1.079
snr_only,2,0.587,1.60288,0.70623
