method,round,selected
scout_greedy,0,"[0, 8, 9]"
scout_greedy,1,"[3, 7, 9]"
scout_greedy,2,"[3, 8, 9]"
random,0,"[5, 6, 9]"
random,1,"[0, 8, 9]"
random,2,"[5, 8, 9]"
loss,0,"[1, 4, 7]"
loss,1,"[2, 5, 9]"
loss,2,"[4, 6, 8]"
snr_only,0,"[0, 1, 3]"
snr_only,1,"[0, 1, 3]"
snr_only,2,"[0, 1, 3]"
